{
    "num_qubits": 8,
    "num_terms": 49,
    "paulis": [
        "ZIIIIIII",
        "ZZIIIIII",
        "ZZZIIIII",
        "ZZZZIIII",
        "ZZIZIIII",
        "ZZIIIIZI",
        "ZZIIIIZZ",
        "ZZIIIIIZ",
        "ZIZIIIII",
        "ZIZZIIII",
        "ZIIZIIII",
        "ZIIIIIZI",
        "ZIIIIIZZ",
        "ZIIIIIIZ",
        "IZIIIIII",
        "IZZIIIII",
        "IZZZIIII",
        "IZIZIIII",
        "IZIIIIZI",
        "IZIIIIZZ",
        "IZIIIIIZ",
        "IIZIIIII",
        "IIZZIIII",
        "IIZZZIII",
        "IIZZZZII",
        "IIZZIZII",
        "IIZIZIII",
        "IIZIZZII",
        "IIZIIZII",
        "IIIZIIII",
        "IIIZZIII",
        "IIIZZZII",
        "IIIZIZII",
        "IIIIZIII",
        "IIIIZZII",
        "IIIIZZZI",
        "IIIIZZZZ",
        "IIIIZZIZ",
        "IIIIZIZI",
        "IIIIZIZZ",
        "IIIIZIIZ",
        "IIIIIZII",
        "IIIIIZZI",
        "IIIIIZZZ",
        "IIIIIZIZ",
        "IIIIIIZI",
        "IIIIIIZZ",
        "IIIIIIIZ"
    ],
    "coeffs": [
        0.1655970361746415,
        6.1153574309027405,
        -2.6540217252034495,
        -5.651397993274328,
        -0.08279851808732075,
        -2.6540217252034486,
        -5.651397993274328,
        -0.0827985180873212,
        -12.067542514765659,
        -2.6540217252034486,
        -3.0576787154513703,
        -12.067542514765659,
        -2.6540217252034495,
        -3.057678715451371,
        5.308043450406899,
        -3.057678715451371,
        -0.0827985180873212,
        -7.996429688045883,
        -3.0576787154513703,
        -0.08279851808732075,
        -7.996429688045883,
        0.1655970361746415,
        6.1153574309027405,
        -2.6540217252034495,
        -5.651397993274328,
        -0.08279851808732075,
        -12.067542514765659,
        -2.6540217252034486,
        -3.0576787154513703,
        5.308043450406899,
        -3.057678715451371,
        -0.0827985180873212,
        -7.996429688045883,
        0.1655970361746415,
        6.1153574309027405,
        -2.6540217252034495,
        -5.651397993274328,
        -0.08279851808732075,
        -12.067542514765659,
        -2.6540217252034486,
        -3.0576787154513703,
        5.308043450406899,
        -3.057678715451371,
        -0.0827985180873212,
        -7.996429688045883,
        0.1655970361746415,
        6.1153574309027405,
        5.308043450406899
    ]
}