{
    "num_qubits": 16,
    "paulis": [
        "ZIZIIIIIIIIIIIII",
        "ZIIIIIIIIIIIIIZI",
        "ZIIIIIIIIIIIIZII",
        "ZIIIIIIIIIIZIIII",
        "ZIIIIIIIIIZIIIII",
        "IZIIIIIIIIIIZIII",
        "IZIIIIIIIIIIIZII",
        "IZIIIIIIIIZIIIII",
        "IZIIIZIIIIIIIIII",
        "IIZIIIIIIIZIIIII",
        "IIZIIIIIIIIIIZII",
        "IIZIIIIZIIIIIIII",
        "IIZIIIIIIIIZIIII",
        "IIIZIIIIIIZIIIII",
        "IIIZIIIIZIIIIIII",
        "IIIZIIIIIIIIIIIZ",
        "IIIIZIIZIIIIIIII",
        "IIIIZIIIIIZIIIII",
        "IIIIZIIIIIIIIZII",
        "IIIIIZIIIIIIIZII",
        "IIIIIZIIIZIIIIII",
        "IIIIIIZIZIIIIIII",
        "IIIIIIZIIIIIZIII",
        "IIIIIIZIIIIIIIIZ",
        "IIIIIIIZIIZIIIII",
        "IIIIIIIIZIZIIIII",
        "IIIIIIIIIZZIIIII",
        "IIIIIIIIIZIIIIIZ",
        "IIIIIIIIIIZIIIZI",
        "IIIIIIIIIIIZIZII",
        "IIIIIIIIIIIIZIZI",
        "IIIIIIIIIIIIZIIZ"
    ],
    "coeffs": [
        0.267260007701539,
        0.267260007701539,
        0.267260007701539,
        0.267260007701539,
        0.267260007701539,
        0.267260007701539,
        0.267260007701539,
        0.267260007701539,
        0.267260007701539,
        0.267260007701539,
        0.267260007701539,
        0.267260007701539,
        0.267260007701539,
        0.267260007701539,
        0.267260007701539,
        0.267260007701539,
        0.267260007701539,
        0.267260007701539,
        0.267260007701539,
        0.267260007701539,
        0.267260007701539,
        0.267260007701539,
        0.267260007701539,
        0.267260007701539,
        0.267260007701539,
        0.267260007701539,
        0.267260007701539,
        0.267260007701539,
        0.267260007701539,
        0.267260007701539,
        0.267260007701539,
        0.267260007701539
    ]
}