{
    "num_qubits": 16,
    "paulis": [
        "IIIIZIZIIIIIIIII",
        "IIIIZIIIIIIIIIIZ",
        "IZIIZIIIIIIIIIII",
        "IIIIIIZZIIIIIIII",
        "ZIIIIIZIIIIIIIII",
        "IIIIIIIIIIIIIIZZ",
        "IIIIIZIIIIIIIIIZ",
        "IIIZIIIIIIIIIZII",
        "IIIZIIIIIIIZIIII",
        "IIZZIIIIIIIIIIII",
        "IIIIIIIIIZIIIZII",
        "IIIIIIIIIIZIIZII",
        "ZIIIIZIIIIIIIIII",
        "ZZIIIIIIIIIIIIII",
        "IIIIIZIIIIIIZIII",
        "IIIIIIIIIIIZIIZI",
        "IIIIIIIIIIZZIIII",
        "IIIIIIIIZIIIIIZI",
        "IIZIIIIIZIIIIIII",
        "IIZIIIIIIIIIZIII",
        "IIIIIIIZZIIIIIII",
        "IIIIIIIIIZIIZIII",
        "IZIIIIIZIIIIIIII",
        "IIIIIIIIIZZIIIII"
    ],
    "coeffs": [
        0.7879222100666046,
        0.7879222100666046,
        0.7879222100666046,
        0.7879222100666046,
        0.7879222100666046,
        0.7879222100666046,
        0.7879222100666046,
        0.7879222100666046,
        0.7879222100666046,
        0.7879222100666046,
        0.7879222100666046,
        0.7879222100666046,
        0.7879222100666046,
        0.7879222100666046,
        0.7879222100666046,
        0.7879222100666046,
        0.7879222100666046,
        0.7879222100666046,
        0.7879222100666046,
        0.7879222100666046,
        0.7879222100666046,
        0.7879222100666046,
        0.7879222100666046,
        0.7879222100666046
    ]
}