{
    "num_qubits": 20,
    "paulis": [
        "ZIIIIIIIIIIIIZIIIIII",
        "ZIIIIIIZIIIIIIIIIIII",
        "ZIIIIIIIIIIZIIIIIIII",
        "ZIIIIIIIIIIIIIIIZIII",
        "ZIIIIIIIIIIIIIIIIIIZ",
        "IZIIIIIIIIIIZIIIIIII",
        "IZIIIIIIIZIIIIIIIIII",
        "IZIIIIIIIIIIIZIIIIII",
        "IZIIIZIIIIIIIIIIIIII",
        "IZIIIIIIIIIZIIIIIIII",
        "IIZIIIIIIIZIIIIIIIII",
        "IIZIIIIIIIIIIIIZIIII",
        "IIZIZIIIIIIIIIIIIIII",
        "IIIZIIIIIIZIIIIIIIII",
        "IIIZIIIIIIIIIIIIIZII",
        "IIIIZIIZIIIIIIIIIIII",
        "IIIIZIIIIIZIIIIIIIII",
        "IIIIZIIIIIIIIIIIIIZI",
        "IIIIIZIIIIIIIZIIIIII",
        "IIIIIZIIIIIIZIIIIIII",
        "IIIIIZIIIIIIIIIZIIII",
        "IIIIIIZIIIIIIIIIIIIZ",
        "IIIIIIZIIIIIIIIZIIII",
        "IIIIIIZIIIZIIIIIIIII",
        "IIIIIIIZIIIIIIIIIIZI",
        "IIIIIIIZIZIIIIIIIIII",
        "IIIIIIIZIIIIIIZIIIII",
        "IIIIIIIIZIIIIIZIIIII",
        "IIIIIIIIZIIZIIIIIIII",
        "IIIIIIIIIIZIIIZIIIII",
        "IIIIIIIIIIZIIIIIIZII",
        "IIIIIIIIIIZIIIIIZIII",
        "IIIIIIIIIIIIZIIIIIZI",
        "IIIIIIIIIIIIZIIZIIII",
        "IIIIIIIIIIIIIZIZIIII",
        "IIIIIIIIIIIIIZIIIIZI",
        "IIIIIIIIIIIIIIZIZIII",
        "IIIIIIIIIIIIIIZIIZII",
        "IIIIIIIIIIIIIIIZIIIZ",
        "IIIIIIIIIIIIIIIIZZII"
    ],
    "coeffs": [
        0.7711308695254773,
        0.7711308695254773,
        0.7711308695254773,
        0.7711308695254773,
        0.7711308695254773,
        0.7711308695254773,
        0.7711308695254773,
        0.7711308695254773,
        0.7711308695254773,
        0.7711308695254773,
        0.7711308695254773,
        0.7711308695254773,
        0.7711308695254773,
        0.7711308695254773,
        0.7711308695254773,
        0.7711308695254773,
        0.7711308695254773,
        0.7711308695254773,
        0.7711308695254773,
        0.7711308695254773,
        0.7711308695254773,
        0.7711308695254773,
        0.7711308695254773,
        0.7711308695254773,
        0.7711308695254773,
        0.7711308695254773,
        0.7711308695254773,
        0.7711308695254773,
        0.7711308695254773,
        0.7711308695254773,
        0.7711308695254773,
        0.7711308695254773,
        0.7711308695254773,
        0.7711308695254773,
        0.7711308695254773,
        0.7711308695254773,
        0.7711308695254773,
        0.7711308695254773,
        0.7711308695254773,
        0.7711308695254773
    ]
}