{
    "num_qubits": 24,
    "paulis": [
        "IIIIIIIIIIIIIIIIIIIIZIIZ",
        "IIIIIIIIIZIIIIIIIIIIZIII",
        "IIIIZIIIIIIIIIIIIIIIZIII",
        "IIZIIIIIIIIIIIIIIIIIIIIZ",
        "IIIIIIIIIIIIIIIIZIIIIIIZ",
        "IIIIIIIIIIIIZZIIIIIIIIII",
        "IIIIIIIIIIIIZIIIIIIIIIZI",
        "IIIIIIIIIIIIZIIZIIIIIIII",
        "IIIIIIIIIIIIIZZIIIIIIIII",
        "IIIIIIIIIIIIIZIIIIIIIIZI",
        "IIIIIIIIIIIIIIIIIIZIIIZI",
        "IIIIIIIIIIIIIIIIIZIIIZII",
        "IIIZIIIIIIIIIIIIIZIIIIII",
        "IIIIIIIIIIIIIIIIIZIZIIII",
        "IIIIIZIIIIIIIIIIIIIIIZII",
        "IIIIIIIIIIIIIIIIIIZIIZII",
        "ZIIIIIIIIIIIIIZIIIIIIIII",
        "ZIIIZIIIIIIIIIIIIIIIIIII",
        "ZIIZIIIIIIIIIIIIIIIIIIII",
        "IIIIIIIIIIIZIIZIIIIIIIII",
        "IIIIZIIIIIIZIIIIIIIIIIII",
        "IIIIIIIIIIIZIIIZIIIIIIII",
        "IIIIIIIIIZIIIIIIZIIIIIII",
        "IIZIIIIIIZIIIIIIIIIIIIII",
        "IIZIIIIIIIIIIIIIIIZIIIII",
        "IIIIIIIZIIIIIIIIIIIZIIII",
        "IIIIIIIZIIIIIIIZIIIIIIII",
        "IIIIIIIZZIIIIIIIIIIIIIII",
        "IZIIIIIIIIIIIIIIIIIZIIII",
        "IIIZIIZIIIIIIIIIIIIIIIII",
        "IIIIIIZIIIZIIIIIIIIIIIII",
        "IIIIIIZIIIIIIIIIZIIIIIII",
        "IZIIIZIIIIIIIIIIIIIIIIII",
        "IIIIIZIIZIIIIIIIIIIIIIII",
        "IZIIIIIIIIZIIIIIIIIIIIII",
        "IIIIIIIIZIZIIIIIIIIIIIII"
    ],
    "coeffs": [
        0.81460121664685,
        0.81460121664685,
        0.81460121664685,
        0.81460121664685,
        0.81460121664685,
        0.81460121664685,
        0.81460121664685,
        0.81460121664685,
        0.81460121664685,
        0.81460121664685,
        0.81460121664685,
        0.81460121664685,
        0.81460121664685,
        0.81460121664685,
        0.81460121664685,
        0.81460121664685,
        0.81460121664685,
        0.81460121664685,
        0.81460121664685,
        0.81460121664685,
        0.81460121664685,
        0.81460121664685,
        0.81460121664685,
        0.81460121664685,
        0.81460121664685,
        0.81460121664685,
        0.81460121664685,
        0.81460121664685,
        0.81460121664685,
        0.81460121664685,
        0.81460121664685,
        0.81460121664685,
        0.81460121664685,
        0.81460121664685,
        0.81460121664685,
        0.81460121664685
    ]
}