{
    "num_qubits": 20,
    "paulis": [
        "IIIIZIIIIZIIIIIIIIII",
        "IIIIZIIIIIIIIIIZIIII",
        "IIIIZZIIIIIIIIIIIIII",
        "IIIIIIIIIZIIIIIIZIII",
        "IIIIIIIIIZIIIIIZIIII",
        "IIIZIIIIIIIIIIIIZIII",
        "IIIZIIZIIIIIIIIIIIII",
        "IIIZIIIIIIIIIIIIIIZI",
        "IIIIIIIIIIIIIIIIZIZI",
        "IIIIIIIIIIZIIIIZIIII",
        "ZIIIIIIIZIIIIIIIIIII",
        "ZIIIIIIZIIIIIIIIIIII",
        "ZIIIIIIIIIIIIZIIIIII",
        "IIIIIIIIZIIIIIIIIZII",
        "IZIIIIIIZIIIIIIIIIII",
        "IIIIIIIIIIZIIIIIIZII",
        "IZIIIIIIIIZIIIIIIIII",
        "IZIIIIIIIIIIZIIIIIII",
        "IIIIIIIZIIIIZIIIIIII",
        "IIZIIIIIIIIIZIIIIIII",
        "IIIIIIIIIIIIIZZIIIII",
        "IIZIIIIIIIIIIZIIIIII",
        "IIIIIIIIIIIIIIZIIZII",
        "IIIIIZIIIIIIIIZIIIII",
        "IIIIIIZIIIIZIIIIIIII",
        "IIIIIIZIIIIIIIIIIIIZ",
        "IIIIIZIIIIIZIIIIIIII",
        "IIIIIIIZIIIZIIIIIIII",
        "IIIIIIIIIIIIIIIIIIZZ",
        "IIZIIIIIIIIIIIIIIIIZ"
    ],
    "coeffs": [
        0.25018499774916225,
        0.25018499774916225,
        0.25018499774916225,
        0.25018499774916225,
        0.25018499774916225,
        0.25018499774916225,
        0.25018499774916225,
        0.25018499774916225,
        0.25018499774916225,
        0.25018499774916225,
        0.25018499774916225,
        0.25018499774916225,
        0.25018499774916225,
        0.25018499774916225,
        0.25018499774916225,
        0.25018499774916225,
        0.25018499774916225,
        0.25018499774916225,
        0.25018499774916225,
        0.25018499774916225,
        0.25018499774916225,
        0.25018499774916225,
        0.25018499774916225,
        0.25018499774916225,
        0.25018499774916225,
        0.25018499774916225,
        0.25018499774916225,
        0.25018499774916225,
        0.25018499774916225,
        0.25018499774916225
    ]
}