{
    "num_qubits": 12,
    "num_terms": 18,
    "paulis": [
        "XXIIIIIIIIII",
        "YYIIIIIIIIII",
        "IXXIIIIIIIII",
        "IYYIIIIIIIII",
        "IIXXIIIIIIII",
        "IIYYIIIIIIII",
        "IIIIXXIIIIII",
        "IIIIYYIIIIII",
        "IIIIIXXIIIII",
        "IIIIIYYIIIII",
        "IIIIIIXXIIII",
        "IIIIIIYYIIII",
        "IIIIIIIIXXII",
        "IIIIIIIIYYII",
        "IIIIIIIIIXXI",
        "IIIIIIIIIYYI",
        "IIIIIIIIIIXX",
        "IIIIIIIIIIYY"
    ],
    "coeffs": [
        0.0023751716780056127,
        0.0023751716780056127,
        0.003359,
        0.003359,
        0.004113918023004347,
        0.004113918023004347,
        0.08299559778159923,
        0.08299559778159923,
        0.1173735,
        0.1173735,
        0.14375259216228067,
        0.14375259216228067,
        -0.07617625998383618,
        -0.07617625998383618,
        -0.1077295,
        -0.1077295,
        -0.1319411526225802,
        -0.1319411526225802
    ]
}