{
    "num_qubits": 4,
    "num_terms": 6,
    "paulis": [
        "XXII",
        "YYII",
        "IXXI",
        "IYYI",
        "IIXX",
        "IIYY"
    ],
    "coeffs": [
        0.12400849819720015,
        0.12400849819720015,
        0.1753745,
        0.1753745,
        0.2147890194478642,
        0.2147890194478642
    ]
}