{
    "num_qubits": 6,
    "num_terms": 24,
    "paulis": [
        "XIIIII",
        "XXIIII",
        "XXXIII",
        "XXZIII",
        "XYYIII",
        "XZIIII",
        "XZZIII",
        "XIZIII",
        "YXYIII",
        "YYIIII",
        "YYXIII",
        "YYZIII",
        "IIIXII",
        "IIIXXI",
        "IIIXXX",
        "IIIXXZ",
        "IIIXYY",
        "IIIXZI",
        "IIIXZZ",
        "IIIXIZ",
        "IIIYXY",
        "IIIYYI",
        "IIIYYX",
        "IIIYYZ"
    ],
    "coeffs": [
        0.03366905917221828,
        0.017085562737833862,
        0.008844138065690742,
        -0.004578062737833864,
        0.008844138065690742,
        -0.005048827189249545,
        -0.0014255312239900113,
        -0.009506424627597248,
        0.008844138065690742,
        0.017085562737833862,
        -0.008844138065690742,
        -0.004578062737833864,
        0.8434237283007067,
        0.42800034746293264,
        0.22154928246780667,
        -0.1146823474629327,
        0.22154928246780667,
        -0.12647518986858197,
        -0.03571014127828122,
        -0.2381398322182302,
        0.22154928246780667,
        0.42800034746293264,
        -0.22154928246780667,
        -0.1146823474629327
    ]
}