{
    "num_qubits": 2,
    "num_terms": 10,
    "paulis": [
        "II",
        "XI",
        "XX",
        "XZ",
        "YY",
        "ZI",
        "ZX",
        "ZZ",
        "IX",
        "IZ"
    ],
    "coeffs": [
        20373.41697885077,
        -5610.850433196509,
        -3300.6163111809255,
        3799.7747686809635,
        -1821.8792233025738,
        -6337.2311195820985,
        -2655.1988246136793,
        1990.202999791049,
        5469.7708987937995,
        -12674.462239164197
    ]
}