{
    "num_qubits": 16,
    "num_terms": 30,
    "paulis": [
        "XXIIIIIIIIIIIIII",
        "YYIIIIIIIIIIIIII",
        "IXXIIIIIIIIIIIII",
        "IYYIIIIIIIIIIIII",
        "IIXXIIIIIIIIIIII",
        "IIYYIIIIIIIIIIII",
        "IIIXXIIIIIIIIIII",
        "IIIYYIIIIIIIIIII",
        "IIIIXXIIIIIIIIII",
        "IIIIYYIIIIIIIIII",
        "IIIIIXXIIIIIIIII",
        "IIIIIYYIIIIIIIII",
        "IIIIIIXXIIIIIIII",
        "IIIIIIYYIIIIIIII",
        "IIIIIIIXXIIIIIII",
        "IIIIIIIYYIIIIIII",
        "IIIIIIIIXXIIIIII",
        "IIIIIIIIYYIIIIII",
        "IIIIIIIIIXXIIIII",
        "IIIIIIIIIYYIIIII",
        "IIIIIIIIIIXXIIII",
        "IIIIIIIIIIYYIIII",
        "IIIIIIIIIIIXXIII",
        "IIIIIIIIIIIYYIII",
        "IIIIIIIIIIIIXXII",
        "IIIIIIIIIIIIYYII",
        "IIIIIIIIIIIIIXXI",
        "IIIIIIIIIIIIIYYI",
        "IIIIIIIIIIIIIIXX",
        "IIIIIIIIIIIIIIYY"
    ],
    "coeffs": [
        0.19638052369825273,
        0.19638052369825273,
        0.277724,
        0.277724,
        0.34014104466235767,
        0.34014104466235767,
        0.39276104739650547,
        0.39276104739650547,
        0.4391202004463015,
        0.4391202004463015,
        0.48103207848125884,
        0.48103207848125884,
        0.5195740280422031,
        0.5195740280422031,
        0.555448,
        0.555448,
        0.5891415710947582,
        0.5891415710947582,
        0.6210097429831517,
        0.6210097429831517,
        0.651320513240601,
        0.651320513240601,
        0.6802820893247153,
        0.6802820893247153,
        0.7080600476965213,
        0.7080600476965213,
        0.7347886371141024,
        0.7347886371141024,
        0.7605784978028238,
        0.7605784978028238
    ]
}