{
    "num_qubits": 4,
    "num_terms": 27,
    "paulis": [
        "XXII",
        "XXZI",
        "XXIZ",
        "XZXI",
        "XZXZ",
        "YYII",
        "YYZI",
        "YYZZ",
        "YIYI",
        "YIYZ",
        "ZIII",
        "ZXXZ",
        "ZYYI",
        "ZYYZ",
        "ZZII",
        "ZZZI",
        "ZZZZ",
        "ZIZI",
        "ZIZZ",
        "IXXI",
        "IXXZ",
        "IYYI",
        "IZII",
        "IZZI",
        "IZIZ",
        "IIZZ"
    ],
    "coeffs": [
        0.010032147615072595,
        -0.01155057124436446,
        0.0015184912406522105,
        0.001847116613082424,
        0.001847116613082424,
        -0.01155057124436446,
        0.010032147615072595,
        0.0015184912406522105,
        0.001847116613082424,
        0.001847116613082424,
        0.19295676362625971,
        -0.011550571244364462,
        -0.010032147615072595,
        -0.0015184912406522107,
        0.1929567636262597,
        0.03757764268290405,
        0.03757764268290405,
        0.039424759295986475,
        0.039424759295986475,
        -0.0015184912406522107,
        -0.010032147615072595,
        -0.011550571244364462,
        0.11971871627220679,
        0.02464172998224821,
        0.0515226712320423,
        0.02464172998224821
    ]
}