{
    "num_qubits": 4,
    "num_terms": 32,
    "paulis": [
        "XIII",
        "XXII",
        "XXXI",
        "XXXX",
        "XXXZ",
        "XXYY",
        "XXZI",
        "XXZZ",
        "XXIZ",
        "XYXY",
        "XYYI",
        "XYYX",
        "XYYZ",
        "XZII",
        "XZZI",
        "XZZZ",
        "XZIZ",
        "XIZI",
        "XIZZ",
        "XIIZ",
        "YXXY",
        "YXYI",
        "YXYX",
        "YXYZ",
        "YYII",
        "YYXI",
        "YYXX",
        "YYXZ",
        "YYYY",
        "YYZI",
        "YYZZ",
        "YYIZ"
    ],
    "coeffs": [
        0.015463947047635498,
        0.007777568303200122,
        0.003946772926217133,
        0.002043,
        -0.0010575346182888998,
        0.002043,
        -0.0011662814251680515,
        -0.00032929837469516395,
        -0.0021959885033369067,
        0.002043,
        0.003946772926217133,
        -0.002043,
        -0.0010575346182888998,
        -0.0012465553687820037,
        -0.0002683814862741795,
        -0.00019731674128713888,
        -0.00040281564023447774,
        -0.0023920569608663835,
        -0.0007135397633680646,
        -0.004464804470966786,
        0.002043,
        0.003946772926217133,
        -0.002043,
        -0.0010575346182888998,
        0.007777568303200122,
        -0.003946772926217133,
        -0.002043,
        0.0010575346182888998,
        -0.002043,
        -0.0011662814251680515,
        -0.00032929837469516395,
        -0.0021959885033369067
    ]
}