{
    "num_qubits": 4,
    "num_terms": 8,
    "paulis": [
        "XIII",
        "XZII",
        "ZXII",
        "IXII",
        "IIXI",
        "IIXZ",
        "IIZX",
        "IIIX"
    ],
    "coeffs": [
        0.0665088227691338,
        -0.017820985350534065,
        -0.0344275,
        0.0344275,
        -0.22422519168561286,
        0.060080959034873656,
        0.1160675,
        -0.1160675
    ]
}