{
    "num_qubits": 4,
    "num_terms": 99,
    "paulis": [
        "IIII",
        "XIII",
        "XXII",
        "XXXI",
        "XXXZ",
        "XXZI",
        "XXZX",
        "XXZZ",
        "XXIX",
        "XXIZ",
        "XYYI",
        "XYYZ",
        "XYZY",
        "XYIY",
        "XZII",
        "XZXI",
        "XZXZ",
        "XZZI",
        "XZZX",
        "XZZZ",
        "XZIX",
        "XZIZ",
        "XIXI",
        "XIXZ",
        "XIZI",
        "XIZX",
        "XIZZ",
        "XIIX",
        "XIIZ",
        "YXYI",
        "YXYZ",
        "YXZY",
        "YXIY",
        "YYII",
        "YYXI",
        "YYXZ",
        "YYZI",
        "YYZX",
        "YYZZ",
        "YYIX",
        "YYIZ",
        "YZYI",
        "YZYZ",
        "YZZY",
        "YZIY",
        "YIYI",
        "YIYZ",
        "YIZY",
        "YIIY",
        "ZIII",
        "ZXII",
        "ZXXI",
        "ZXXZ",
        "ZXZI",
        "ZXZX",
        "ZXZZ",
        "ZXIX",
        "ZXIZ",
        "ZYYI",
        "ZYYZ",
        "ZYZY",
        "ZYIY",
        "ZZII",
        "ZZXI",
        "ZZXZ",
        "ZZZI",
        "ZZZX",
        "ZZZZ",
        "ZZIX",
        "ZIXI",
        "ZIXZ",
        "ZIZX",
        "ZIIX",
        "IXII",
        "IXXI",
        "IXXZ",
        "IXZI",
        "IXZX",
        "IXZZ",
        "IXIX",
        "IXIZ",
        "IYYI",
        "IYYZ",
        "IYZY",
        "IYIY",
        "IZII",
        "IZXI",
        "IZXZ",
        "IZZI",
        "IZZX",
        "IZZZ",
        "IZIX",
        "IIXI",
        "IIXZ",
        "IIZI",
        "IIZX",
        "IIZZ",
        "IIIX",
        "IIIZ"
    ],
    "coeffs": [
        31376.10969432485,
        -11345.919437067378,
        11112.430495307337,
        -1830.748820236162,
        1243.9295019278275,
        2113.4528347157775,
        835.862944294898,
        -4227.127820089342,
        -835.862944294898,
        -8454.18936607587,
        80.43440587072115,
        -304.5794402094614,
        -157.36148749100707,
        157.36148749100707,
        -271.14501310816684,
        -5292.052187233344,
        4227.06730929784,
        -509.1111324754243,
        -2117.6499248031846,
        1790.1442212658878,
        2117.6499248031846,
        -77.95730531504559,
        5292.052187233344,
        -4227.06730929784,
        -998.279995777089,
        -2117.6499248031846,
        3608.351659026375,
        2117.6499248031846,
        7359.733534173464,
        -80.43440587072115,
        304.5794402094614,
        -157.36148749100707,
        157.36148749100707,
        -264.15211331040445,
        -1830.748820236162,
        1243.9295019278275,
        -528.340947416452,
        -835.862944294898,
        1056.8042846938117,
        835.862944294898,
        0.03830946866975833,
        -264.1866745558257,
        528.3858873400233,
        264.19126378615715,
        -264.19126378615715,
        264.1866745558257,
        -528.3858873400233,
        264.19126378615715,
        -264.19126378615715,
        198.14306543069907,
        3774.439830947999,
        32.8311040879255,
        -0.1902054466973563,
        331.8882800882112,
        -16.5049836952915,
        -1204.1034859161223,
        16.5049836952915,
        -2455.391480670885,
        -131.8339709152772,
        264.4623460765135,
        132.11407556456112,
        -132.11407556456112,
        396.286130861401,
        1842.1965466767049,
        -1240.548804650603,
        792.5722617227991,
        840.8449831418562,
        -2487.3243734455987,
        -840.8449831418562,
        -1842.1965466767049,
        1240.548804650603,
        840.8449831418562,
        -840.8449831418562,
        -7500.19650107803,
        2641.063192423569,
        -2114.2515548685883,
        -655.5221866517813,
        -1056.622873356651,
        2419.205250116217,
        1056.622873356651,
        4927.006009194797,
        -263.77559048969727,
        528.8166160659647,
        264.22636945915036,
        -264.22636945915036,
        792.5722617228006,
        3662.2604119018097,
        -2487.1742768184026,
        1585.1445234455987,
        1671.8361625941438,
        -4974.648746891198,
        -1671.8361625941438,
        -3662.2604119018097,
        2487.1742768184026,
        3170.289046891199,
        1671.8361625941438,
        -9949.297493782396,
        -1671.8361625941438,
        -19898.594987564797
    ]
}