{
    "num_qubits": 3,
    "num_terms": 12,
    "paulis": [
        "XII",
        "XXI",
        "XXX",
        "XXZ",
        "XYY",
        "XZI",
        "XZZ",
        "XIZ",
        "YXY",
        "YYI",
        "YYX",
        "YYZ"
    ],
    "coeffs": [
        0.08763915450252446,
        0.04447300605830807,
        0.023020921921699834,
        -0.011916506058308072,
        0.023020921921699834,
        -0.013141886259188714,
        -0.0037105982245717217,
        -0.024744826175364366,
        0.023020921921699834,
        0.04447300605830807,
        -0.023020921921699834,
        -0.011916506058308072
    ]
}