{
    "num_qubits": 11,
    "num_terms": 40,
    "paulis": [
        "XIIIIIIIIII",
        "XXIIIIIIIII",
        "XXXIIIIIIII",
        "XXZIIIIIIII",
        "XYYIIIIIIII",
        "XZIIIIIIIII",
        "XZZIIIIIIII",
        "XIZIIIIIIII",
        "YXYIIIIIIII",
        "YYIIIIIIIII",
        "YYXIIIIIIII",
        "YYZIIIIIIII",
        "IIIXIIIIIII",
        "IIIXXIIIIII",
        "IIIXXXIIIII",
        "IIIXXZIIIII",
        "IIIXYYIIIII",
        "IIIXZIIIIII",
        "IIIXZZIIIII",
        "IIIXIZIIIII",
        "IIIYXYIIIII",
        "IIIYYIIIIII",
        "IIIYYXIIIII",
        "IIIYYZIIIII",
        "IIIIIIXIIII",
        "IIIIIIXXIII",
        "IIIIIIXXXII",
        "IIIIIIXXZII",
        "IIIIIIXYYII",
        "IIIIIIXZIII",
        "IIIIIIXZZII",
        "IIIIIIXIZII",
        "IIIIIIYXYII",
        "IIIIIIYYIII",
        "IIIIIIYYXII",
        "IIIIIIYYZII",
        "IIIIIIIIIXI",
        "IIIIIIIIIXX",
        "IIIIIIIIIXZ",
        "IIIIIIIIIYY"
    ],
    "coeffs": [
        0.19955798753423723,
        0.10126687824604988,
        0.05241959345631173,
        -0.027134378246049886,
        0.05241959345631173,
        -0.02992461975670933,
        -0.008449185965415912,
        -0.05634499489948855,
        0.05241959345631173,
        0.10126687824604988,
        -0.05241959345631173,
        -0.027134378246049886,
        -0.23398347330069041,
        -0.11873629412234717,
        -0.06146242852751589,
        0.031815294122347175,
        -0.06146242852751589,
        0.03508687652342672,
        0.00990674391528569,
        0.06606499580694626,
        -0.06146242852751589,
        -0.11873629412234717,
        0.06146242852751589,
        0.031815294122347175,
        -0.23602797863279512,
        -0.11977379041652145,
        -0.06199947612782707,
        0.03209329041652146,
        -0.06199947612782707,
        0.03539345931377132,
        0.009993307254451824,
        0.06664225980891789,
        -0.06199947612782707,
        -0.11977379041652145,
        0.06199947612782707,
        0.03209329041652146,
        0.01869259659034605,
        0.009676,
        -0.005008666160823982,
        0.009676
    ]
}