{
    "num_qubits": 4,
    "num_terms": 32,
    "paulis": [
        "XIII",
        "XZII",
        "XZZI",
        "XZZZ",
        "XZIZ",
        "XIZI",
        "XIZZ",
        "XIIZ",
        "ZXII",
        "ZXZI",
        "ZXZZ",
        "ZXIZ",
        "ZZXI",
        "ZZXZ",
        "ZZZX",
        "ZZIX",
        "ZIXI",
        "ZIXZ",
        "ZIZX",
        "ZIIX",
        "IXII",
        "IXZI",
        "IXZZ",
        "IXIZ",
        "IZXI",
        "IZXZ",
        "IZZX",
        "IZIX",
        "IIXI",
        "IIXZ",
        "IIZX",
        "IIIX"
    ],
    "coeffs": [
        -0.036826220447140776,
        0.0006391302134583709,
        0.0009592749846553071,
        0.002968577341148626,
        0.00046989489747785234,
        0.001699240985671305,
        0.005696502755190979,
        0.010632594200866938,
        0.01852169074260616,
        -0.000784199176449166,
        -0.002777411015075312,
        -0.005229580551081686,
        0.009398941252705777,
        -0.002518438718370078,
        0.00486525,
        -0.00486525,
        -0.009398941252705777,
        0.002518438718370078,
        0.00486525,
        -0.00486525,
        -0.01852169074260616,
        0.000784199176449166,
        0.002777411015075312,
        0.005229580551081686,
        0.009398941252705777,
        -0.002518438718370078,
        0.00486525,
        -0.00486525,
        -0.009398941252705777,
        0.002518438718370078,
        0.00486525,
        -0.00486525
    ]
}