{
    "num_qubits": 8,
    "num_terms": 14,
    "paulis": [
        "XXIIIIII",
        "YYIIIIII",
        "IXXIIIII",
        "IYYIIIII",
        "IIXXIIII",
        "IIYYIIII",
        "IIIXXIII",
        "IIIYYIII",
        "IIIIXXII",
        "IIIIYYII",
        "IIIIIXXI",
        "IIIIIYYI",
        "IIIIIIXX",
        "IIIIIIYY"
    ],
    "coeffs": [
        0.002889238307928233,
        0.002889238307928233,
        0.004086,
        0.004086,
        0.005004307544506033,
        0.005004307544506033,
        0.005778476615856466,
        0.005778476615856466,
        0.0064605332597239985,
        0.0064605332597239985,
        0.007077159599726432,
        0.007077159599726432,
        0.007644206041179162,
        0.007644206041179162
    ]
}