{
    "num_qubits": 6,
    "num_terms": 62,
    "paulis": [
        "IIIIII",
        "XXYYII",
        "XXIIYY",
        "XYYXII",
        "XYIIYX",
        "XZXXZX",
        "XZXYZY",
        "XZZZXI",
        "XZZZXZ",
        "XZZIXI",
        "XZIZXI",
        "XIZZXI",
        "YXXYII",
        "YXIIXY",
        "YYXXII",
        "YYIIXX",
        "YZYXZX",
        "YZYYZY",
        "YZZZYI",
        "YZZZYZ",
        "YZZIYI",
        "YZIZYI",
        "YIZZYI",
        "ZIIIII",
        "ZXZZZX",
        "ZYZZZY",
        "ZZIIII",
        "ZIZIII",
        "ZIIZII",
        "ZIIIZI",
        "ZIIIIZ",
        "IXXYYI",
        "IXYYXI",
        "IXZZZX",
        "IXZZIX",
        "IXZIZX",
        "IXIZZX",
        "IYXXYI",
        "IYYXXI",
        "IYZZZY",
        "IYZZIY",
        "IYZIZY",
        "IYIZZY",
        "IZIIII",
        "IZZIII",
        "IZIZII",
        "IZIIZI",
        "IZIIIZ",
        "IIXXYY",
        "IIXYYX",
        "IIYXXY",
        "IIYYXX",
        "IIZIII",
        "IIZZII",
        "IIZIZI",
        "IIZIIZ",
        "IIIZII",
        "IIIZZI",
        "IIIZIZ",
        "IIIIZI",
        "IIIIZZ",
        "IIIIIZ"
    ],
    "coeffs": [
        -28.48651135482841,
        -0.01574633931772222,
        -0.010562347732704107,
        0.01574633931772222,
        0.010562347732704107,
        0.011922473641009169,
        0.011922473641009169,
        0.024660238369096588,
        0.00391847450165415,
        0.0012622097443250315,
        0.013184683385334201,
        0.014131831698376306,
        0.01574633931772222,
        0.010562347732704107,
        -0.01574633931772222,
        -0.010562347732704107,
        0.011922473641009169,
        0.011922473641009169,
        0.024660238369096588,
        0.00391847450165415,
        0.0012622097443250315,
        0.013184683385334201,
        0.014131831698376306,
        0.2727862955301274,
        0.014131831698376306,
        0.014131831698376306,
        0.08091332405325455,
        0.048697964824652606,
        0.06444430414237483,
        0.052834540581187854,
        0.06339688831389195,
        -0.011922473641009169,
        0.011922473641009169,
        0.024660238369096588,
        0.00391847450165415,
        0.013184683385334201,
        0.0012622097443250315,
        0.011922473641009169,
        -0.011922473641009169,
        0.024660238369096588,
        0.00391847450165415,
        0.013184683385334201,
        0.0012622097443250315,
        0.27278629553012745,
        0.06444430414237483,
        0.048697964824652606,
        0.06339688831389195,
        0.052834540581187854,
        -0.014548930471455983,
        0.014548930471455983,
        0.014548930471455983,
        -0.014548930471455983,
        0.19516810404566806,
        0.06373465784388439,
        0.04490398008683949,
        0.05945291055829548,
        0.19516810404566803,
        0.05945291055829548,
        0.04490398008683949,
        0.1497014352814401,
        0.05960866790599372,
        0.1497014352814401
    ]
}